code,district,population,male,Age 15-24,Age 25-44,Age 45-64,Age >65,Median Age,Degree,Monthly Income <6000,Monthly Income 6000-9999,Monthly Income 10000-19999,Monthly Income 20000-29999,Monthly Income 30000-39999,Monthly Income 40000-59999,Monthly Income >60000,Median Income,HKI,KL,NT Urban,NT Rural
A01,Chung Wan,11077,4790,455,3787,3589,2190,46.1,4523,523,246,632,410,352,692,1925,45160,1,0,0,0
A02,Mid Levels East,15464,5949,981,5328,4441,3010,44,7392,515,286,666,472,334,773,3228,61130,1,0,0,0
A03,Castle Road,19279,7711,1179,6970,5982,2806,42.1,9609,309,156,379,302,214,444,4370,103350,1,0,0,0
A04,Peak,19202,6625,1633,6457,6512,2200,42.6,9202,190,150,310,283,93,291,3753,155010,1,0,0,0
A05,University,18548,7409,1287,5515,5830,3713,45.9,8411,385,193,417,487,320,404,3294,82380,1,0,0,0
A06,Kwun Lung,15570,6751,1399,4620,4745,3466,47.5,3584,733,728,774,875,731,1087,1153,28920,1,0,0,0
A07,Kennedy Town & Mount Davis,16030,7296,1048,4996,5187,2879,45.2,5377,419,291,741,700,519,1102,2404,47540,1,0,0,0
A08,Sai Wan,14650,6763,1010,4797,4444,2901,45.2,4530,681,270,793,613,573,837,1999,37040,1,0,0,0
A09,Belcher,20187,8664,1284,6034,6263,3929,45.3,7136,699,282,710,784,660,995,2864,45170,1,0,0,0
A10,Shek Tong Tsui,16125,7038,1251,4929,4753,3784,46.6,4121,709,464,1222,977,866,972,1211,28570,1,0,0,0
A11,Sai Ying Pun,13600,5631,1162,4351,3656,3364,46.4,4034,722,365,939,641,897,876,1257,31650,1,0,0,0
A12,Sheung Wan,14830,6165,1248,5356,4118,2788,43.1,4858,694,279,728,830,539,904,2388,41040,1,0,0,0
A13,Tung Wah,12320,5389,664,4388,3830,2417,45.7,5486,688,230,586,435,552,663,2351,50040,1,0,0,0
A14,Centre Street,14521,5928,1148,4783,4293,3203,45.9,5228,705,288,715,704,830,1033,1714,35040,1,0,0,0
A15,Water Street,14550,6173,1030,5456,3891,2841,42.7,5760,790,325,616,735,720,706,2241,37700,1,0,0,0
B01,Hennessy,11220,4824,596,3867,3010,2627,45.3,3059,605,322,484,719,714,872,1176,35250,1,0,0,0
B02,Oi Kwan,12439,5260,597,3765,3932,3057,49.7,3964,702,423,581,826,418,595,1597,30150,1,0,0,0
B03,Canal Road,11992,5112,933,3778,3796,2383,45.9,3237,496,343,1143,886,473,833,997,28040,1,0,0,0
B04,Causeway Bay,13050,5345,873,3983,3563,3349,47.3,4382,682,304,886,682,454,655,1537,30200,1,0,0,0
B05,Victoria Park,13521,5679,1146,3937,3992,3139,46.8,5132,699,243,537,399,446,985,1925,46640,1,0,0,0
B06,Tin Hau,14527,6047,882,3713,4842,3719,49.4,4275,345,532,1104,509,465,420,1784,31170,1,0,0,0
B07,Tai Hang,11425,4801,518,3986,3515,2190,45,5181,407,267,468,488,388,484,2066,50000,1,0,0,0
B08,Jardine's Lookout,14459,5385,1012,4120,4900,2994,47.5,6540,225,114,208,189,154,236,2781,122040,1,0,0,0
B09,Broadwood,12958,4966,839,4356,3535,2469,42.6,5812,378,109,194,101,198,263,2543,98190,1,0,0,0
B10,Happy Valley,13248,5195,510,4848,3782,2495,44.2,5917,668,336,597,336,554,621,2480,50040,1,0,0,0
B11,Stubbs Road,14245,5172,702,4557,4782,2729,46.5,6196,179,154,175,183,236,276,2767,99100,1,0,0,0
B12,Southorn,13294,4946,739,5022,3980,2229,43.8,5464,520,256,656,321,322,675,2775,60000,1,0,0,0
B13,Tai Fat Hau,10317,4343,560,3928,3003,1999,44.3,4386,570,302,656,531,398,684,1841,40100,1,0,0,0
C01,Tai Koo Shing West,17365,7297,1217,4981,5348,3788,46.3,7328,287,197,526,536,476,526,3077,69280,1,0,0,0
C02,Tai Koo Shing East,18008,7353,1209,4609,6171,4120,48.7,7729,691,273,594,616,479,681,2781,50300,1,0,0,0
C03,Lei King Wan,20189,8773,1350,5670,6600,4098,47.1,6417,995,552,1513,827,660,870,2535,30100,1,0,0,0
C04,Sai Wan Ho,18771,8143,1102,5725,5909,4208,48,4963,997,505,1078,820,856,1209,1915,31970,1,0,0,0
C05,Aldrich Bay,17925,8040,1315,4320,6088,4716,51.1,2985,676,905,1202,1100,852,827,1008,23420,1,0,0,0
C06,Shaukeiwan,13442,5964,977,3811,4441,3049,49,3048,713,401,719,735,482,982,1201,30080,1,0,0,0
C07,A Kung Ngam,18858,8569,1511,4406,6621,4561,50,3325,620,671,951,1195,927,1263,1060,29000,1,0,0,0
C08,Heng Fa Chuen,18397,8026,1418,4686,6627,3775,49.2,7076,495,236,720,505,401,1004,2918,52700,1,0,0,0
C09,Tsui Wan,11801,5502,776,3299,3974,2661,49.3,1834,409,242,833,583,595,867,662,30190,1,0,0,0
C10,Yan Lam,15801,6639,1078,4392,5636,2577,46.3,5084,499,193,511,402,602,847,2136,46070,1,0,0,0
C11,Siu Sai Wan,12447,6048,789,3744,3594,3398,50.4,1272,356,349,956,618,537,748,404,24600,1,0,0,0
C12,King Yee,14608,6515,1244,3290,5812,3327,53.5,3049,460,276,625,726,624,1028,1176,35190,1,0,0,0
C13,Wan Tsui,14521,7043,1055,3790,4966,3593,51.3,1269,495,637,1323,1044,695,831,324,21340,1,0,0,0
C14,Fei Tsui,14323,6340,1282,3369,4772,3760,51.3,1557,829,765,1414,862,722,624,339,18100,1,0,0,0
C15,Mount Parker,12348,5528,796,3352,4015,3089,48.7,2821,668,293,975,716,527,620,907,23840,1,0,0,0
C16,Braemar Hill,16171,6263,846,4849,5054,3137,45.4,7143,362,86,161,218,276,530,2926,85220,1,0,0,0
C17,Fortress Hill,15464,6109,917,4377,5005,3442,47.6,5658,427,238,547,453,444,688,2315,50950,1,0,0,0
C18,City Garden,15212,6385,910,4114,4731,3698,48,5334,622,291,683,715,461,635,1846,34950,1,0,0,0
C19,Provident,18697,7842,1185,5662,5043,4995,48,5240,1017,403,1055,978,866,984,1557,29560,1,0,0,0
C20,Fort Street,14489,6580,990,4520,4195,3025,44.9,3762,804,364,921,712,679,794,1353,30000,1,0,0,0
C21,Kam Ping,15812,6883,888,4182,4926,4218,49.8,4036,606,415,917,796,730,744,1497,31940,1,0,0,0
C22,Tanner,16669,6971,927,4811,4902,4163,46.9,6200,720,461,543,598,537,920,2349,43710,1,0,0,0
C23,Healthy Village,14512,6549,1080,3775,5142,3510,50.5,3967,491,452,930,809,484,657,1667,31060,1,0,0,0
C24,Quarry Bay,11198,4861,676,3010,3572,2940,49.9,3115,634,308,693,584,492,789,1075,30140,1,0,0,0
C25,Nam Fung,13342,6011,736,3631,4093,3619,49.3,4693,613,294,540,559,507,577,1897,39640,1,0,0,0
C26,Kornhill,14215,6060,937,3705,4795,3096,47.9,6048,449,150,487,302,283,649,2537,60660,1,0,0,0
C27,Kornhill Garden,13083,5560,733,3595,4514,2846,49,4251,494,291,804,421,346,724,1700,40040,1,0,0,0
C28,Hing Tung,16972,7601,1282,4049,5661,4575,52.6,2924,757,686,1049,889,812,941,843,25090,1,0,0,0
C29,Lower Yiu Tung,15027,7125,920,4251,4713,3664,49.4,3051,626,484,970,1013,526,922,1081,27000,1,0,0,0
C30,Upper Yiu Tung,13159,6565,912,4000,4086,3249,50.5,1778,435,446,835,676,622,892,474,27250,1,0,0,0
C31,Hing Man,13602,6205,1073,3856,4313,3480,51.3,1322,534,522,842,855,689,663,349,23020,1,0,0,0
C32,Lok Hong,11995,5313,737,3181,4584,2456,50.4,2775,613,142,415,519,469,915,1023,35630,1,0,0,0
C33,Tsui Tak,12740,5806,802,3618,4446,2556,48.6,3253,410,188,590,677,502,866,1323,38080,1,0,0,0
C34,Yue Wan,16169,7442,1753,3830,5669,3461,49.1,1833,527,682,1531,1167,598,825,591,21210,1,0,0,0
C35,Kai Hiu,12271,5631,913,3451,4114,2857,51.4,1425,404,275,759,777,671,535,631,26710,1,0,0,0
D01,Aberdeen,19459,8774,1276,5449,6540,3832,46.8,3686,724,415,873,913,938,1384,1578,34070,1,0,0,0
D02,Ap Lei Chau Estate,12089,5500,725,2985,3889,3561,51.3,694,381,434,1332,780,622,597,208,20040,1,0,0,0
D03,Ap Lei Chau North,11897,5439,741,3738,4246,1709,45,3251,352,160,566,738,544,729,1282,35090,1,0,0,0
D04,Lei Tung I,12307,5573,693,3807,4160,2443,47.9,2608,403,199,565,691,615,654,1047,33820,1,0,0,0
D05,Lei Tung II,14043,6621,391,3855,4239,4737,56.3,1532,594,647,1437,882,641,781,445,20040,1,0,0,0
D06,South Horizons East,14444,6077,1286,3772,5316,2342,46.7,6255,361,128,371,356,237,683,2535,64840,1,0,0,0
D07,South Horizons West,14947,6456,1331,4093,5130,2491,46,5597,460,147,294,239,415,555,2418,64840,1,0,0,0
D08,Wah Kwai,13309,6079,948,3270,4868,3503,54.8,1870,594,443,911,1090,742,584,531,25160,1,0,0,0
D09,Wah Fu South,12411,5834,962,2916,3892,3612,51.9,1098,567,545,1139,844,678,645,211,20040,1,0,0,0
D10,Wah Fu North,13864,6484,1210,3553,4551,3279,49.6,1544,397,566,915,993,766,621,343,23040,1,0,0,0
D11,Pokfulam,19775,7536,1513,6163,5925,3128,42.7,7981,231,142,304,303,188,458,3419,115140,1,0,0,0
D12,Chi Fu,15599,6655,1086,4426,5091,3766,50.1,5146,648,490,668,464,655,811,1907,38750,1,0,0,0
D13,Tin Wan,16811,7742,1166,4316,5255,4175,48.7,2105,567,586,1200,1243,766,884,750,23750,1,0,0,0
D14,Shek Yue,17621,8295,1647,4170,6143,4659,52.7,1513,797,784,1591,936,935,810,428,19830,1,0,0,0
D15,Wong Chuk Hang,16316,7044,1152,3752,5559,4535,51.3,3208,544,254,626,538,741,826,1234,34490,1,0,0,0
D16,Bays Area,17703,6336,923,5801,5706,2469,43.3,7214,400,122,256,146,195,237,2976,133910,1,0,0,0
D17,Stanley & Shek O,20683,9794,1792,6331,7466,2567,44.2,5407,342,211,671,651,491,1097,2481,50050,1,0,0,0
E01,Tsim Sha Tsui West,11515,5415,760,4227,3553,1890,43.7,4275,707,282,690,599,324,662,1571,32040,0,1,0,0
E02,Kowloon Station,15627,6313,993,5424,5104,1693,41.2,6416,407,114,278,279,251,491,3175,89420,0,1,0,0
E03,Jordan West,15528,7306,1381,4776,4204,3484,44.4,3040,868,637,1528,1113,615,650,906,21290,0,1,0,0
E04,Yau Ma Tei South,17750,8127,1416,5339,5415,3612,45.5,3063,1113,550,1675,891,760,853,1205,20830,0,1,0,0
E05,Charming,16172,7483,1509,3831,6016,3094,47.9,3995,692,258,964,626,724,980,1455,33100,0,1,0,0
E06,Mong Kok West,15691,7094,1033,5215,4679,2667,43.1,2411,1127,418,1774,1385,808,786,486,20040,0,1,0,0
E07,Fu Pak,18266,7922,1629,4823,6360,3263,46.8,4927,475,405,1072,850,625,903,1781,33050,0,1,0,0
E08,Olympic,19373,7971,918,7989,4942,2074,39.1,8914,327,94,490,326,250,806,4442,84320,0,1,0,0
E09,Cherry,14818,6791,1022,5180,3969,2679,42.1,3931,779,370,946,857,627,862,1491,30040,0,1,0,0
E10,Tai Kok Tsui South,14275,6733,690,4566,4013,3749,48.1,2658,771,447,1106,990,683,862,905,24610,0,1,0,0
E11,Tai Kok Tsui North,19526,8893,1800,6466,6131,2599,42.4,4987,710,545,1289,978,809,1435,1881,32630,0,1,0,0
E12,Tai Nan,19040,8358,1375,6261,5674,3541,43.9,3564,1350,515,1676,1304,825,838,1276,22220,0,1,0,0
E13,Mong Kok North,16915,7484,1772,4945,5075,3337,44.8,2756,1024,704,2456,949,633,912,720,17900,0,1,0,0
E14,Mong Kok East,14235,6079,943,4068,4394,3486,48.6,2901,1070,571,1259,843,438,926,926,20180,0,1,0,0
E15,Mong Kok South,16126,7416,1275,5363,4859,3084,44.5,3056,1202,759,1520,1354,1000,663,753,20140,0,1,0,0
E16,Yau Ma Tei North,11894,5605,645,3676,3708,2697,47.6,2828,777,435,940,1020,522,677,733,23140,0,1,0,0
E17,East Tsim Sha Tsui & King's Park,14845,6481,1423,5474,4531,1921,42.5,6620,533,348,649,455,449,876,2475,47000,0,1,0,0
E18,Jordan North,14633,6943,1007,4946,4544,2318,42.6,1976,673,551,1750,1597,608,588,426,20140,0,1,0,0
E19,Jordan South,11376,4991,714,3710,3508,2426,46.3,2922,545,313,1012,807,505,606,961,25080,0,1,0,0
E20,Tsim Sha Tsui Central,13042,5468,919,4598,4118,1954,43.2,3665,930,233,1323,571,437,842,1208,25640,0,1,0,0
F01,Po Lai,17262,8154,1563,4749,5892,3161,45.9,2338,690,787,1743,1466,997,956,489,22500,0,1,0,0
F02,Cheung Sha Wan,14966,6754,1089,4433,4699,3193,47,2778,791,404,1406,900,643,1054,897,25060,0,1,0,0
F03,Nam Cheong North,16888,8107,1746,5146,5534,2893,44.7,2194,1224,576,2167,1317,768,735,517,18320,0,1,0,0
F04,Shek Kip Mei,18078,8166,1560,4685,5903,3928,48.1,1507,898,1290,2002,1487,646,729,179,15920,0,1,0,0
F05,Nam Cheong East,21187,9708,2262,6280,6127,3836,43.5,2914,1353,632,2335,1656,919,778,834,19630,0,1,0,0
F06,Nam Cheong South,19024,9046,1918,5431,6210,3509,45.7,2781,1090,808,2560,1444,846,758,673,18200,0,1,0,0
F07,Nam Cheong Central,17681,8718,1234,5617,5917,2193,42.9,1478,1021,820,3135,1447,799,438,289,15640,0,1,0,0
F08,Nam Cheong West,18936,8984,1340,5727,5761,4015,46.3,3149,1285,740,1769,1498,675,860,862,20040,0,1,0,0
F09,Fu Cheong,21213,10180,1880,6450,6412,4932,48.1,2806,839,1419,1875,1164,924,1236,537,18270,0,1,0,0
F10,Lai Kok,13795,6076,885,2607,4473,4474,56.1,1462,745,896,1415,827,548,655,312,16550,0,1,0,0
F11,Fortune,21689,9932,1494,6193,6404,4672,46,2889,1121,1210,1802,1294,1055,1101,711,20040,0,1,0,0
F12,Pik Wui,24113,10877,2170,9364,5683,2831,38.9,7082,789,459,1632,1472,990,1409,2551,32620,0,1,0,0
F13,Lai Chi Kok Central,19164,8442,1289,5997,7391,1188,42.8,7893,328,169,384,466,810,1115,3492,60190,0,1,0,0
F14,Lai Chi Kok South,16196,7758,2673,4193,5174,2864,44.8,2323,389,331,854,1140,1001,849,272,26040,0,1,0,0
F15,Mei Foo South,16748,6745,969,5070,5063,3597,45.9,5833,339,231,589,469,348,895,2425,54540,0,1,0,0
F16,Mei Foo Central,13294,5417,763,3846,4067,3326,48.4,4214,475,276,375,464,363,682,1850,47070,0,1,0,0
F17,Mei Foo North,15948,7804,757,4804,4526,3944,46.4,4612,696,252,447,429,514,1059,1860,45140,0,1,0,0
F18,Lai Chi Kok North,15545,7416,746,5485,4396,2906,43.9,3548,985,702,1330,895,545,909,1277,23690,0,1,0,0
F19,Un Chau,18005,8227,1238,3969,5628,5773,54.2,1903,1200,1346,1891,954,671,775,529,15170,0,1,0,0
F20,So Uk,18956,8925,2236,4895,5662,2668,41.1,1788,584,926,2484,1367,808,583,103,16800,0,1,0,0
F21,Lei Cheng Uk,12420,5725,703,3051,4300,3503,55,1572,563,611,1324,728,724,599,402,19820,0,1,0,0
F22,Lung Ping & Sheung Pak Tin,13597,6018,1076,3685,4122,3229,46.9,2492,436,632,1045,801,579,356,926,22540,0,1,0,0
F23,Ha Pak Tin,13301,6133,971,3437,4355,3586,52.5,1434,662,934,1490,671,736,546,283,15750,0,1,0,0
F24,Yau Yat Tsuen,14059,5866,1506,4061,4675,2256,44,6208,382,142,231,256,181,365,2357,83470,0,1,0,0
F25,"Nam Shan, Tai Hang Tung & Tai Hang Sai",19025,8700,1408,3906,6887,5458,53.6,2072,1059,1545,2156,1259,681,812,393,15860,0,1,0,0
G01,Ma Tau Wai,20185,8727,1344,5331,6398,5082,49.1,4737,770,989,1323,816,549,822,1672,24320,0,1,0,0
G02,Sung Wong Toi,19078,8557,1569,6086,5999,2127,41.8,4339,993,498,1709,941,854,1010,1675,26700,0,1,0,0
G03,Ma Hang Chung,19631,8882,1395,6212,6079,3534,44.4,4933,893,362,904,1089,838,1244,1894,33110,0,1,0,0
G04,Ma Tau Kok,14397,6637,981,3951,4495,3521,48.9,2766,617,446,1125,756,756,807,897,25140,0,1,0,0
G05,Lok Man,14977,6455,1099,3622,4477,4112,49.4,2950,526,714,1060,812,549,421,1258,23770,0,1,0,0
G06,Sheung Lok,22059,9549,1742,6135,6980,4993,48.5,4556,1020,861,1590,1017,1080,1223,1280,24070,0,1,0,0
G07,Ho Man Tin,19830,8081,1522,5244,6301,4719,48.4,7248,581,353,442,332,320,560,3070,66360,0,1,0,0
G08,Kadoorie,17422,6948,1079,5245,5210,4176,48,6595,605,292,764,399,368,893,2518,49230,0,1,0,0
G09,Prince,15481,6325,981,4596,4512,3061,44.4,6246,363,168,261,203,297,618,2255,68540,0,1,0,0
G10,Kowloon Tong,18849,7080,1250,5828,5492,3737,44.2,7608,401,176,211,250,414,345,3136,83310,0,1,0,0
G11,Lung Shing,14390,6407,1004,4919,3859,2354,41.4,3295,624,332,1437,955,434,1023,806,21510,0,1,0,0
G12,Kai Tak North,12844,6137,1159,3437,4442,1895,44.7,1575,831,911,1342,931,579,529,247,16020,0,1,0,0
G13,Kai Tak East,12569,5521,1308,2987,4370,1984,45.4,1166,674,1103,1548,792,553,503,128,15080,0,1,0,0
G14,Kai Tak Central & South,17139,7788,1597,6032,4964,2163,39.3,4736,597,596,1361,776,682,1035,1932,30600,0,1,0,0
G15,Hoi Sham,15725,7143,1003,4469,4355,3948,46.9,3072,720,482,1032,1087,557,778,1067,23980,0,1,0,0
G16,To Kwa Wan North,10386,4940,954,2936,3339,1981,46.2,1361,559,428,1250,543,526,423,457,18090,0,1,0,0
G17,To Kwa Wan South,10404,4880,529,3926,3361,1622,44,2891,443,300,1031,931,629,713,910,27040,0,1,0,0
G18,Hok Yuen Laguna Verde,18091,8414,1427,6068,5528,2709,42.7,5935,475,292,587,628,834,891,2551,47050,0,1,0,0
G19,Whampoa East,18287,7622,1606,5016,6024,3336,45.7,6257,332,137,574,436,446,831,2672,59040,0,1,0,0
G20,Whampoa West,20847,8680,1413,6912,6401,3356,43.6,7827,571,348,730,617,596,1095,3246,53070,0,1,0,0
G21,Hung Hom Bay,18224,7904,1564,5701,5428,3223,43.7,5721,633,360,1147,931,754,982,1796,32040,0,1,0,0
G22,Hung Hom,11515,5210,656,4251,3040,2165,41.2,2815,540,417,1293,979,679,717,331,20140,0,1,0,0
G23,Ka Wai,19847,8734,1615,5047,6185,4934,49,3894,761,1174,1442,1135,798,1054,1241,22950,0,1,0,0
G24,Oi Man,15326,6720,1337,4094,4651,3586,47.4,3447,386,649,776,794,581,693,1202,27630,0,1,0,0
G25,Oi Chun,13131,6177,979,3129,3672,4140,51.6,2350,463,602,802,895,549,563,633,23590,0,1,0,0
H01,Lung Tsui,15459,7428,1307,4294,5275,3019,47,2595,565,615,852,862,607,867,974,26170,0,1,0,0
H02,Lung Ha,15897,7286,1331,3989,5310,4176,52.5,1553,994,694,1539,1101,635,680,592,18950,0,1,0,0
H03,Lung Sheung,20102,9607,1745,4749,6752,5092,51.9,1739,933,1027,1741,1497,923,934,328,19920,0,1,0,0
H04,Fung Wong,15004,6744,1313,4213,5115,2688,46,2709,704,311,1271,840,700,939,941,25200,0,1,0,0
H05,Fung Tak,14456,6415,1079,3239,5538,3581,54.1,1977,888,660,1269,1029,638,777,435,20010,0,1,0,0
H06,Lung Sing,18282,7934,1305,4750,6839,3277,49.3,5136,771,423,750,973,651,992,2077,35850,0,1,0,0
H07,San Po Kong,18199,8105,1452,4800,6344,3669,47.8,3255,531,358,1324,1269,903,991,1124,26790,0,1,0,0
H08,Tung Tau,20966,9650,1640,5636,6841,4417,47.4,3527,1004,1158,1869,1501,736,732,1108,20000,0,1,0,0
H09,Tung Mei,15205,7112,1561,3280,5559,3649,51.5,2104,732,669,1210,936,639,755,637,20830,0,1,0,0
H10,Lok Fu,14170,6348,1422,3116,5078,3596,52.3,2234,897,567,889,829,654,831,501,21800,0,1,0,0
H11,Wang Tau Hom,16936,7798,1288,4081,6031,4230,52.5,1763,708,675,1241,1179,737,834,369,21350,0,1,0,0
H12,Tin Keung,13258,5858,1019,3706,4519,3072,51.4,3273,818,278,840,705,688,877,921,28350,0,1,0,0
H13,Tsui Chuk & Pang Ching,15961,7381,775,3873,6079,3910,52.6,2385,826,375,1006,794,867,927,893,27250,0,1,0,0
H14,Chuk Yuen South,14349,6504,1103,3462,4540,4137,52.7,1330,667,940,1835,1243,609,493,125,16920,0,1,0,0
H15,Chuk Yuen North,14296,6592,850,3309,4939,4226,54.6,1634,659,716,1054,936,783,723,458,22480,0,1,0,0
H16,Tsz Wan West,18747,9118,1494,5356,5727,4642,50.3,2173,581,879,1311,1059,907,961,470,21520,0,1,0,0
H17,Ching Oi,18666,8619,2014,4115,7293,3538,49.3,3373,718,700,1006,805,1028,1318,898,30040,0,1,0,0
H18,Ching On,19336,9335,1642,4950,6482,4709,51.7,2203,708,1067,1624,1180,969,917,438,20170,0,1,0,0
H19,Tsz Wan East,18495,8631,2020,5118,6169,3472,46.4,2345,603,588,1142,1117,800,1166,493,25100,0,1,0,0
H20,King Fu,20531,9162,1488,5069,7532,4499,49.7,3473,719,594,1395,1096,941,1185,1386,29120,0,1,0,0
H21,Choi Wan East,13327,6234,1052,3848,4334,2084,43.7,3072,319,245,533,535,516,687,1497,40340,0,1,0,0
H22,Choi Wan South,12309,5784,1084,3370,3613,3178,50,1288,399,608,763,926,583,641,256,22670,0,1,0,0
H23,Choi Wan West,12769,6152,926,3390,4031,3434,51.4,1601,429,499,942,871,591,601,362,22800,0,1,0,0
H24,Chi Choi,15309,7128,1251,4188,5427,2714,46.7,3408,472,439,908,619,763,1346,1103,36180,0,1,0,0
H25,Choi Hung,14773,6606,1302,3462,4927,4402,55.5,1401,888,937,1530,989,578,617,172,17520,0,1,0,0
J01,Kwun Tong Central,16766,8223,892,5253,5338,3245,45.8,2711,654,610,1700,779,798,852,880,21890,0,1,0,0
J02,Kowloon Bay,13200,5881,928,4099,4121,2033,43.4,3477,372,184,401,458,546,966,1770,47440,0,1,0,0
J03,Kai Yip,20038,9211,1832,4678,6619,5469,52,2534,1455,1259,2163,1318,1109,875,595,16450,0,1,0,0
J04,Lai Ching,14617,6601,482,4808,4485,3300,47.5,3779,584,632,723,706,643,1152,1251,31880,0,1,0,0
J05,Ping Shek,15412,6913,1260,4201,4808,3873,49.3,2105,478,659,1369,1042,830,862,469,22900,0,1,0,0
J06,Choi Tak,14553,6923,1765,3292,5215,2819,48.1,1440,850,885,1592,996,766,563,251,16170,0,1,0,0
J07,Jordan Valley,20619,9649,2250,4910,7204,4328,48.6,2122,802,1192,2365,1652,885,763,259,18040,0,1,0,0
J08,Shun Tin,18254,8471,1485,4097,5876,5408,52.6,1666,683,1035,2058,1091,732,758,298,17600,0,1,0,0
J09,Sheung Shun,17457,8099,2068,4498,5819,2757,44.4,2774,404,363,802,760,655,1169,1520,37970,0,1,0,0
J10,On Lee,17570,8123,1514,3959,5346,4964,50.8,1437,808,983,1702,1576,738,629,155,18930,0,1,0,0
J11,Kwun Tong On Tai,20385,10136,2880,5175,6199,2183,40.1,1969,596,841,2095,1675,852,518,177,19520,0,1,0,0
J12,Sau Mau Ping North,18673,8741,1842,5022,5925,4392,48.7,1878,728,1009,1418,1339,855,780,441,20410,0,1,0,0
J13,Sau Mau Ping Central,17898,8285,1907,4989,4940,3988,44.9,1852,723,958,1440,1066,978,702,302,19310,0,1,0,0
J14,On Tat,19737,9158,2056,5100,6227,3252,43.7,1556,1085,849,2291,1516,963,510,144,16410,0,1,0,0
J15,Sau Mau Ping South,17647,8639,2087,4179,5844,3505,47.2,1622,807,787,1547,1253,913,877,158,20040,0,1,0,0
J16,Po Tat,17104,8291,1823,4991,5370,3687,47.4,2052,493,972,1288,876,897,1050,322,21510,0,1,0,0
J17,Kwong Tak,18201,8391,1043,4134,6070,5452,52.5,2031,820,918,1446,1051,775,992,578,20150,0,1,0,0
J18,Hing Tin,15455,7116,672,3919,5299,4309,51.9,2006,540,636,1520,1143,430,908,681,20850,0,1,0,0
J19,Lam Tin,18666,8952,1896,4287,6763,3668,48,2273,695,888,1631,1228,811,920,590,20970,0,1,0,0
J20,Ping Tin,19046,8885,1740,4953,6299,4431,49.5,2249,735,993,1288,1185,942,969,532,21930,0,1,0,0
J21,Pak Nga,12367,5806,1119,3045,4321,2892,51.6,2880,540,255,452,719,582,934,894,33840,0,1,0,0
J22,Chun Cheung,14682,6720,1776,3987,5188,2102,44.8,2421,226,105,591,663,820,1081,822,36100,0,1,0,0
J23,Yau Tong East,12904,6183,1172,3131,4560,3095,52.3,1324,605,719,1086,830,707,657,142,19420,0,1,0,0
J24,Yau Chui,16434,7505,1710,4523,5274,2442,43.9,2473,427,455,718,484,571,1418,1386,40050,0,1,0,0
J25,Yau Lai,13751,6503,1753,3579,4703,2277,45.5,1529,409,712,1278,905,665,697,287,20280,0,1,0,0
J26,Yau Tong West,21851,10183,1799,6451,6782,4659,46.4,3930,1027,1242,1847,1478,734,1233,1179,21110,0,1,0,0
J27,Laguna City,22718,10188,1896,6127,8714,3361,47.2,9186,541,241,614,626,671,1062,3752,59720,0,1,0,0
J28,King Tin,21058,9115,1837,6007,7175,3277,44.8,6929,589,250,659,635,630,1329,2672,46940,0,1,0,0
J29,Tsui Ping,18683,8767,1326,4871,6110,4656,51.1,1348,817,1147,2097,1321,828,632,337,17040,0,1,0,0
J30,Hiu Lai,16691,7614,1373,3800,6254,3719,51.4,2763,595,274,903,803,775,1218,1031,30970,0,1,0,0
J31,Po Lok,13585,6216,1112,3283,4439,4039,55.2,1899,559,643,1297,899,615,662,432,20040,0,1,0,0
J32,Yuet Wah,13414,6145,1194,3481,4146,3131,47.5,3041,558,397,779,896,566,779,964,26540,0,1,0,0
J33,Hip Hong,15927,7804,1750,4048,4623,3609,46.8,2020,905,663,1874,1129,551,726,447,18000,0,1,0,0
J34,Lok Wah South,12491,5560,820,2634,3729,4147,53.2,1292,597,1121,1763,683,391,508,424,15000,0,1,0,0
J35,Lok Wah North,12690,5871,969,2961,3871,4118,52.7,1301,579,592,1381,1055,502,537,194,19250,0,1,0,0
J36,Hong Lok,15585,6875,1306,4227,4931,3241,46.4,3451,642,395,1206,681,563,823,1180,26900,0,1,0,0
J37,Ting On,15779,6993,1132,4170,4839,4023,48.8,1683,722,963,1616,1238,659,689,344,18600,0,1,0,0
J38,Upper Ngau Tau Kok Estate,16007,7140,1218,3393,5468,4794,54.5,1545,1126,1393,1637,935,740,525,205,13510,0,1,0,0
J39,Lower Ngau Tau Kok Estate,18576,8786,1591,4691,6286,4030,49.5,2480,987,942,1895,1166,705,933,549,18320,0,1,0,0
J40,To Tai,16675,7641,1046,5385,5523,3066,46.3,4442,773,430,969,1010,893,1533,1406,33490,0,1,0,0
S01,Kwai Hing,12836,5807,952,3576,3736,3484,50.4,1538,587,348,1104,745,600,677,512,22150,0,0,1,0
S02,Kwai Luen,13112,5863,1391,3279,4596,2074,45.5,2005,637,426,949,1033,399,707,573,22790,0,0,1,0
S03,Kwai Shing East Estate,17514,8158,1291,4456,5544,4822,51.9,1561,683,795,1564,1010,823,841,358,19320,0,0,1,0
S04,Upper Tai Wo Hau,13990,6328,1340,3130,5021,3030,48.9,1328,683,657,1283,994,746,624,432,20420,0,0,1,0
S05,Lower Tai Wo Hau,13261,6157,1234,3110,4409,3031,48.7,1357,477,616,997,790,673,613,379,21800,0,0,1,0
S06,Kwai Chung Estate South,20042,9426,2358,5094,7335,3342,46.5,2140,614,1357,1826,1258,767,1186,759,20040,0,0,1,0
S07,Kwai Chung Estate North,17538,8446,3346,3829,6516,2600,46.1,2389,584,966,1539,1447,880,798,215,20150,0,0,1,0
S08,Shek Yam,19009,9018,1848,4852,6377,4051,48.4,2492,604,749,1425,978,764,1114,749,23890,0,0,1,0
S09,Tai Pak Tin West,15961,7591,1235,5141,4709,2620,42.4,2873,592,411,1459,900,726,821,965,24140,0,0,1,0
S10,Tai Pak Tin East,15892,7687,1370,4292,4850,3488,46.6,1819,704,548,1696,1056,666,706,343,19000,0,0,1,0
S11,On Yam,16285,7572,1723,3356,5422,4231,50.4,1115,455,650,1256,1071,804,624,429,22230,0,0,1,0
S12,Shek Lei North,12735,6093,1900,3108,4351,2087,45.8,1169,448,760,1181,921,513,664,201,19120,0,0,1,0
S13,Shek Lei South,19053,9141,1633,4599,6228,4660,49.8,1801,836,700,1897,1251,924,778,374,19670,0,0,1,0
S14,Kwai Fong,18855,9186,1271,5183,6369,4388,49.4,2222,817,963,1426,1169,755,967,699,21890,0,0,1,0
S15,Hing Fong,14055,6453,1005,4400,4107,2567,43.4,2798,455,372,983,915,610,867,1074,28950,0,0,1,0
S16,Wah Lai,16182,7311,1431,4183,5095,4301,50.7,3396,581,486,919,848,667,770,1238,28880,0,0,1,0
S17,Lai Wah,13758,6621,1059,4036,4539,2397,45.2,2835,395,450,762,698,635,786,1004,30960,0,0,1,0
S18,Cho Yiu,14762,6621,1314,3377,4785,4034,50.2,2683,535,354,682,662,597,510,1108,29290,0,0,1,0
S19,Lai King,13658,6151,1033,3064,4342,4400,53.4,1607,648,688,1399,783,630,747,400,18820,0,0,1,0
S20,Kwai Shing West Estate,17719,8244,1627,4522,5668,4346,48.4,1933,687,656,1639,1195,765,666,609,21000,0,0,1,0
S21,On Ho,18393,8438,1181,5350,5854,4096,48.6,4370,554,714,783,904,712,981,1615,32460,0,0,1,0
S22,Wai Ying,17985,8213,1440,4604,6736,3233,48.3,5958,420,332,529,459,621,1135,2432,50280,0,0,1,0
S23,Tsing Yi Estate,15134,7175,749,4915,4337,3747,47.9,2657,541,535,859,857,720,924,1059,29720,0,0,1,0
S24,Greenfield,19789,8847,1447,6214,6828,2338,43.1,4411,582,368,851,1004,1139,1265,2090,36540,0,0,1,0
S25,Cheung Ching,19934,9624,1445,5934,5763,4602,46.3,2595,718,687,1334,1444,1000,1184,643,24970,0,0,1,0
S26,Cheung Hong,13880,6557,735,3920,4356,3554,50.5,1684,652,721,1281,1005,785,742,332,20350,0,0,1,0
S27,Shing Hong,14861,6870,857,4067,4187,4653,52,1515,543,720,1584,1144,765,666,280,20000,0,0,1,0
S28,Tsing Yi South,18789,9000,2133,5158,6705,2453,43.8,3815,549,518,1291,1160,814,1112,1195,28170,0,0,1,0
S29,Cheung Hang,12913,5996,822,3706,3927,3529,52,1181,373,442,1214,688,667,590,312,20850,0,0,1,0
S30,Ching Fat,16417,8123,751,4774,5662,3930,52.7,2662,553,707,994,929,692,1146,900,25930,0,0,1,0
S31,Cheung On,11486,5496,553,3707,3147,3378,52.6,1365,502,386,856,666,533,546,539,22950,0,0,1,0
K01,Tak Wah,15341,7260,1371,4503,4103,3233,43.6,1754,562,455,1842,1089,541,544,565,19570,0,0,1,0
K02,Yeung Uk Road,16236,7207,1632,4867,4785,2921,43.5,2667,440,420,1504,1078,861,817,897,24050,0,0,1,0
K03,Tsuen Wan South,22710,9897,1794,8443,6566,2405,39.7,7687,413,267,1025,770,584,1358,3470,50170,0,0,1,0
K04,Hoi Bun,18527,8128,1393,5343,6666,2864,45.9,4877,414,287,660,876,642,1172,2125,42250,0,0,1,0
K05,Tsuen Wan West,23563,10637,1540,8480,6921,3082,41,8640,686,160,781,568,789,1150,3342,54600,0,0,1,0
K06,Clague Garden,16796,7934,1362,4940,5154,3169,44.8,3140,769,637,1395,1000,529,806,1153,21830,0,0,1,0
K07,Tsuen Wan Centre,14733,7177,988,4873,4822,2418,44.4,3429,703,309,955,1026,997,1132,925,30040,0,0,1,0
K08,Discovery Park,17325,7627,1230,4958,6488,2670,46.8,5446,503,212,694,745,630,1206,2105,42040,0,0,1,0
K09,Fuk Loi,13490,6459,1175,3552,4208,3293,49.3,1349,647,771,1527,982,655,576,323,18130,0,0,1,0
K10,Luk Yeung,14154,6432,733,4527,4249,2977,45.8,3713,397,378,541,785,508,901,1464,37240,0,0,1,0
K11,Ma Wan,14409,6281,609,4837,5070,1697,43.8,5557,392,235,446,542,578,988,2444,52820,0,0,1,0
K12,Tsuen Wan Rural,18658,8551,1272,5447,7028,3093,47.8,5229,654,315,597,642,1040,1217,2243,40390,0,0,1,0
K13,Ting Sham,17009,7685,1124,5253,6080,2451,45.1,5140,354,283,555,567,391,976,2628,54390,0,0,1,0
K14,Lai To,18694,8538,1415,5514,5971,3440,45.2,5386,546,363,583,621,555,974,2301,44660,0,0,1,0
K15,Allway,18233,8440,1055,4871,5891,4174,47.5,4569,567,347,693,688,666,1312,1868,40220,0,0,1,0
K16,Cheung Shek,13514,6185,1278,3204,4339,3707,51.1,1765,448,373,1048,893,522,803,326,24260,0,0,1,0
K17,Shek Wai Kok,12198,5499,1020,2730,4013,3645,53.4,1051,519,996,1355,901,392,561,227,17040,0,0,1,0
K18,Lei Muk Shue West,15261,7538,1529,3679,5248,3616,50.1,1425,630,648,1175,998,849,684,308,21890,0,0,1,0
K19,Lei Muk Shue East,19243,8937,1995,5249,6788,3191,45.7,2912,788,803,1648,1142,799,1090,872,22040,0,0,1,0
L01,Tuen Mun Town Centre,20420,9306,1301,7203,6352,2951,43.1,5314,633,315,1104,1163,1007,1541,2106,36280,0,0,0,1
L02,Siu Chi,20247,9481,1357,6297,6183,4344,46.7,3979,894,304,1138,1175,785,1204,1450,29440,0,0,0,1
L03,On Ting,15445,7109,1199,3918,5012,4410,52.8,1498,1134,877,1360,1001,723,730,349,16640,0,0,0,1
L04,Siu Tsui,18403,8520,1555,4703,6223,3942,48.2,3106,707,688,681,838,1034,1292,1151,32390,0,0,0,1
L05,Yau Oi South,14379,6683,1256,4070,3865,4047,48.1,1170,926,773,1237,1143,673,598,173,18220,0,0,0,1
L06,Yau Oi North,14350,6817,1252,4695,3974,2863,43.7,2034,507,344,1038,962,884,874,513,26450,0,0,0,1
L07,Tsui Hing,18492,8729,1495,5591,6399,2203,42.8,4464,598,476,888,986,886,1099,1828,34040,0,0,0,1
L08,Shan King,15467,7705,1145,4260,4847,3985,50.2,1180,1038,591,1449,1309,700,661,198,18750,0,0,0,1
L09,King Hing,15191,7408,1239,3855,5074,3650,49.9,1277,1444,848,1837,1247,640,510,310,15000,0,0,0,1
L10,Hing Tsak,15125,7241,1002,4006,5200,3781,53.3,1316,884,754,1549,1144,760,740,310,19040,0,0,0,1
L11,San Hui,19398,9362,1595,6025,6081,3885,46.7,3138,827,457,1886,1105,1003,972,797,22500,0,0,0,1
L12,So Kwun Wat,14475,6551,1077,5290,4397,1674,40.6,3822,489,174,542,521,537,728,1719,40150,0,0,0,1
L13,Sam Shing,16423,7448,1474,4706,5495,2903,45.6,4167,641,343,1121,739,637,733,1625,30250,0,0,0,1
L14,Hanford,14540,6450,1236,3944,5276,2524,46.7,3915,452,282,659,371,676,795,1657,40000,0,0,0,1
L15,Yuet Wu,12513,5994,1090,3263,4577,2438,48.8,1780,503,285,578,561,508,973,904,35070,0,0,0,1
L16,Siu Hei,12206,5496,678,4098,3768,2469,45.7,2116,467,471,788,762,528,784,961,27500,0,0,0,1
L17,Wu King,13070,6123,1499,3635,3810,2658,44.8,1087,627,319,1141,847,746,445,190,20650,0,0,0,1
L18,Butterfly,15488,7311,933,4083,4942,4246,52.4,1504,1182,1171,2131,861,612,627,351,14450,0,0,0,1
L19,Fu Sun,18409,9030,1495,5154,6543,3238,46.5,2730,519,314,977,1106,887,1403,1128,31170,0,0,0,1
L20,Lok Tsui,15051,7152,943,4775,4789,2287,43.2,3160,507,227,679,658,607,973,1513,38000,0,0,0,1
L21,Lung Mun,16997,8030,1494,4662,5774,3302,46.6,2348,729,390,1070,1262,786,1014,682,25240,0,0,0,1
L22,San King,12747,5801,948,3740,4427,2854,51.2,1690,580,472,916,821,754,833,455,24070,0,0,0,1
L23,Leung King,12064,5786,707,3859,3788,2702,50.1,1028,604,438,785,930,571,744,299,23310,0,0,0,1
L24,Tin King,14017,6774,752,4347,4532,3281,51.8,1619,683,390,1118,970,855,711,390,23140,0,0,0,1
L25,Po Tin,15805,7627,1082,3658,6391,3391,49.9,1361,2331,1652,2775,776,440,483,272,10500,0,0,0,1
L26,Kin Sang,16135,7706,929,5736,5002,2853,43.9,2473,587,482,941,1036,842,1279,992,30130,0,0,0,1
L27,Siu Hong,14401,6974,457,4639,4336,3516,49.1,2464,665,402,766,827,623,756,568,25070,0,0,0,1
L28,Yan Tin,16779,8530,1853,4669,4931,1601,39.6,1120,595,435,1923,1353,750,365,361,19300,0,0,0,1
L29,Tuen Mun Rural,27142,12897,2094,9325,8008,4231,42.4,3963,943,283,1343,1411,1555,1980,1717,32300,0,0,0,1
L30,Fu Tai,20182,9833,2107,6447,6749,3119,43.8,2478,789,393,1173,863,930,1165,820,28070,0,0,0,1
L31,Prime View,21518,10447,1291,7956,6899,2607,42.1,5803,577,279,1071,1212,1295,1868,1984,37230,0,0,0,1
M01,Fung Nin,18092,8381,1348,5983,5742,2996,43.9,2922,859,503,1850,813,806,1180,980,22360,0,0,0,1
M02,Yuen Long Centre,15069,7090,1207,4722,4259,3234,44.3,1820,752,466,1125,1091,579,813,702,22820,0,0,0,1
M03,Fung Cheung,15974,7316,1186,4750,5346,2800,45.8,3440,567,348,1151,808,677,949,1282,30000,0,0,0,1
M04,Yuen Lung,13995,6427,1023,5193,4558,1230,41.1,4540,514,195,519,692,669,797,1926,41610,0,0,0,1
M05,Shap Pat Heung Central,23343,10883,1703,9847,6058,1969,38.3,6904,810,256,1076,1059,1278,1937,2510,39870,0,0,0,1
M06,Shui Pin,18834,8404,1839,5683,5700,3299,43.5,4026,1104,459,1016,880,844,1102,1419,29010,0,0,0,1
M07,Nam Ping,14106,6637,972,4396,4461,3164,48.5,1954,764,466,1166,831,703,951,568,23040,0,0,0,1
M08,Pek Long,12720,6120,884,3842,4305,2795,50.5,1080,602,443,993,970,777,722,257,21350,0,0,0,1
M09,Yuen Long Tung Tau,13928,6165,897,5235,3963,1785,41,3554,419,222,695,669,740,1142,1461,37100,0,0,0,1
M10,Shap Pat Heung North,14081,6983,1017,5091,4397,1533,41,3391,449,345,854,498,860,772,1471,33140,0,0,0,1
M11,Shap Pat Heung East,16262,7345,1302,5090,4718,2601,42.6,1987,495,616,1652,899,552,829,545,20040,0,0,0,1
M12,Shap Pat Heung West,24089,11450,1814,6900,9634,3161,46.7,3688,709,441,1444,1332,1070,1407,1788,30450,0,0,0,1
M13,Ping Shan South,18279,8360,1033,6637,6177,2090,42.4,4107,579,230,798,810,772,1090,1881,36290,0,0,0,1
M14,Hung Fuk,11851,5859,1301,3317,3270,1476,39.8,716,928,458,1634,919,501,237,96,15170,0,0,0,1
M15,Ha Tsuen,21060,10005,1588,6879,6955,3110,43.8,3183,471,441,1350,1511,1096,1054,1256,29610,0,0,0,1
M16,Ping Shan Central,16850,7573,1411,5981,4825,1949,41.4,2924,729,342,1160,937,445,1631,916,28310,0,0,0,1
M17,Shing Yan,14300,6858,989,4968,4494,1688,40.3,2032,288,173,859,844,1070,1103,642,32450,0,0,0,1
M18,Tin Shing,11306,5358,1082,2741,4602,2066,50.3,1978,266,250,538,553,574,928,643,34010,0,0,0,1
M19,Tin Yiu,12939,6285,990,4068,4249,2682,48.4,1104,762,494,863,862,631,707,226,21050,0,0,0,1
M20,Yiu Yau,13688,6543,1149,4352,4454,2349,44.7,1390,397,386,1061,962,509,598,454,22080,0,0,0,1
M21,Tsz Yau,13670,6830,1060,3742,5112,2537,50.8,1645,972,509,889,797,642,738,568,21820,0,0,0,1
M22,Kingswood South,17631,7919,1464,5519,5217,2963,43.1,4122,602,304,787,975,874,1324,1441,34930,0,0,0,1
M23,Shui Oi,17323,8426,1262,5654,5697,3171,46.6,2309,605,431,1221,1125,816,832,554,24330,0,0,0,1
M24,Shui Wah,14518,7017,1488,4748,4718,2526,44.9,1263,418,542,1137,970,522,720,296,22890,0,0,0,1
M25,Chung Wah,14981,7511,1481,4743,5139,1885,42.7,1907,488,428,1066,1026,793,978,531,25860,0,0,0,1
M26,Chung Pak,15715,7318,1321,4826,5521,2075,44,3533,482,267,733,827,932,1141,1217,34830,0,0,0,1
M27,Kingswood North,22771,10696,1842,6438,7754,3935,45.9,6198,885,404,1127,1134,1007,1566,2189,34270,0,0,0,1
M28,Yuet Yan,18418,9133,2208,4846,6221,3896,49.3,1718,1724,1149,2049,1090,705,842,239,13940,0,0,0,1
M29,Ching King,19055,8778,2900,4875,6608,2351,42.9,1946,1076,929,1694,1346,820,826,394,18250,0,0,0,1
M30,Fu Yan,19008,8963,2463,4885,6948,2491,44.9,2503,583,330,1405,1453,880,1184,671,25190,0,0,0,1
M31,Yat Chak,17878,8772,2468,5532,6257,2426,43.2,2265,729,380,1065,1176,924,1118,344,25390,0,0,0,1
M32,Tin Heng,21125,10427,3218,6980,7108,1993,36,2916,280,195,1115,1330,887,1279,572,28920,0,0,0,1
M33,Wang Yat,20059,9488,3143,6449,6691,1861,38.2,2696,297,248,1304,1308,1087,1360,307,27500,0,0,0,1
M34,Ping Shan North,14902,7183,1040,5059,4400,2130,42.9,2515,632,364,1264,739,584,810,805,23860,0,0,0,1
M35,Fairview Park,20268,8506,1554,5759,7548,3474,48.1,7179,523,265,449,417,331,696,3349,66520,0,0,0,1
M36,San Tin,17759,8633,1252,4853,6130,3352,47,2609,1144,343,1459,961,568,568,969,20040,0,0,0,1
M37,Kam Tin,21876,10218,1363,7983,6393,3116,42.1,5606,855,339,1085,1276,741,1340,2210,33100,0,0,0,1
M38,Pat Heung North,17543,8316,1332,5661,6239,2807,46.2,2825,713,584,949,866,818,1146,960,28580,0,0,0,1
M39,Pat Heung South,22814,9880,1394,7149,8283,3400,45.5,4421,816,424,1382,1090,690,1264,2157,31370,0,0,0,1
N01,Luen Wo Hui,19640,9093,2145,5591,7064,2671,44.8,3444,783,580,1240,1062,1069,1246,1198,28420,0,0,0,1
N02,Fanling Town,13835,6141,1065,3882,4782,2021,44.4,2433,714,531,1134,751,640,555,780,22690,0,0,0,1
N03,Cheung Wah,15721,7318,983,4360,4749,4323,51.5,1771,894,707,1246,1017,741,782,670,20630,0,0,0,1
N04,Wah Do,18058,8494,1577,5364,6264,2832,45.2,3351,839,379,1032,1015,659,1412,983,28440,0,0,0,1
N05,Wah Ming,14380,6884,707,4969,4987,2782,50,1685,617,584,927,932,872,644,527,23150,0,0,0,1
N06,Yan Shing,20198,9456,2057,5763,7458,3150,47.4,2974,1117,505,1192,1056,1112,1229,749,25790,0,0,0,1
N07,Fanling South,14534,6654,1277,4423,5058,1900,42.5,4498,536,221,643,671,628,964,1617,37710,0,0,0,1
N08,Shing Fuk,13575,6456,1070,3731,4842,3013,51.6,2095,504,303,796,673,747,884,561,28830,0,0,0,1
N09,Ching Ho,18505,9301,3444,4365,6161,2854,44.3,1880,1284,780,1789,1300,836,727,261,17000,0,0,0,1
N10,Yu Tai,17954,8636,1664,5426,5449,2757,42.4,2914,736,394,1357,820,923,893,1092,27750,0,0,0,1
N11,Sheung Shui Rural,20514,9124,1942,5069,7051,3726,46.4,2891,1121,521,1354,1278,627,980,812,22040,0,0,0,1
N12,Choi Yuen,16615,7644,1439,4271,5558,4154,50.2,1997,1119,879,1724,1201,700,867,361,18040,0,0,0,1
N13,Shek Wu Hui,22112,10402,1964,6310,6516,4578,45.2,3263,971,835,1980,1362,1059,1128,924,21480,0,0,0,1
N14,Tin Ping West,12365,5943,640,3904,4037,2929,52.9,1866,596,417,805,670,563,709,653,25040,0,0,0,1
N15,Fung Tsui,19145,9105,1703,5657,6471,3203,45.6,3019,838,662,1483,1151,996,1005,859,22020,0,0,0,1
N16,Sha Ta,16178,7493,1215,4458,5612,3160,48.1,1943,954,444,1278,578,763,971,541,21390,0,0,0,1
N17,Tin Ping East,15775,7045,1093,5085,5192,2356,42.7,3246,769,332,738,986,715,942,1094,29460,0,0,0,1
N18,Queen's Hill,20527,10154,1669,5686,7356,3148,46.4,3212,1289,506,1484,1532,602,1000,1043,21640,0,0,0,1
P01,Tai Po Hui,18515,8782,1677,5290,5139,3856,44,2365,685,687,2172,1422,521,842,561,19090,0,0,1,0
P02,Chung Ting,13725,6270,940,3866,5258,2367,49.2,2393,572,406,891,835,799,1004,834,28930,0,0,1,0
P03,Tai Po Central,13139,6031,821,4311,4463,2152,45.2,3346,606,299,668,581,803,1110,1042,33140,0,0,1,0
P04,Tai Yuen,13760,6288,1062,3896,3954,3642,47.4,1110,508,529,1197,1109,634,668,108,20650,0,0,1,0
P05,Fu Heng,13840,6788,711,4685,4350,3311,53,1590,540,481,1046,719,704,810,556,24140,0,0,1,0
P06,Yee Fu,14030,6916,857,4261,3941,3737,50.3,1558,489,531,831,630,823,971,571,27070,0,0,1,0
P07,Fu Ming Sun,12628,5976,725,3191,4674,2886,52.1,1826,613,572,1031,808,783,846,475,21630,0,0,1,0
P08,Kwong Fuk & Plover Cove,12752,6096,929,3863,3666,3572,50.6,1431,319,582,1024,835,637,764,386,22950,0,0,1,0
P09,Wang Fuk,26893,11968,1755,9874,6688,4791,41.2,7933,1134,808,1349,1151,959,1478,3056,34160,0,0,1,0
P10,Tai Po Kau,20441,9062,1588,6789,6988,2482,42.7,6834,508,230,873,553,407,941,2928,53070,0,0,1,0
P11,Wan Tau Tong,14589,6800,888,4160,5092,3108,51.7,2104,596,459,916,904,753,956,650,26710,0,0,1,0
P12,San Fu,15539,7054,1372,4439,5309,2804,46.9,4267,673,348,759,487,519,950,1626,36390,0,0,1,0
P13,Lam Tsuen Valley,20780,9639,1399,6237,7442,3421,46.3,4471,773,503,1449,1118,941,1247,1405,27760,0,0,1,0
P14,Po Nga,16763,7917,1270,5075,5637,3395,48.1,3233,662,587,916,924,535,1038,1191,27750,0,0,1,0
P15,Tai Wo,12752,6226,409,4135,4071,3052,52.2,1381,422,497,1057,751,417,826,492,23170,0,0,1,0
P16,Old Market & Serenity,18452,8584,1144,6142,6214,2595,43.5,5291,586,317,702,845,685,1408,1959,40170,0,0,1,0
P17,Hong Lok Yuen,20389,8823,1746,6815,6391,2289,40.2,5814,732,142,774,755,512,735,2410,43170,0,0,1,0
P18,Shuen Wan,22465,10110,2271,6270,7806,3327,44.5,5993,782,375,1242,735,505,1079,2349,38570,0,0,1,0
P19,Sai Kung North,15018,6708,1634,4284,5727,1715,44.8,4562,303,113,505,689,381,916,2019,50000,0,0,1,0
R01,Sha Tin Town Centre,18833,8120,1396,5701,6367,3316,46,6323,804,413,738,766,552,1164,2591,43670,0,0,1,0
R02,Lek Yuen,15728,7449,1429,3730,4986,3927,48.9,1597,764,939,1561,1197,632,651,334,18200,0,0,1,0
R03,Wo Che Estate,17572,8109,1539,4899,5230,4498,49.3,1857,504,574,1457,1232,1032,699,371,23300,0,0,1,0
R04,City One,15407,6973,1038,4499,5168,3204,47.8,5436,675,342,517,502,595,907,2074,40560,0,0,1,0
R05,Yue Shing,14944,6776,990,4563,4961,3124,48.4,4878,815,370,877,779,722,1128,1710,35420,0,0,1,0
R06,Wong Uk,16194,6963,844,5674,4931,3045,44.6,4865,744,236,963,780,917,1199,1596,33920,0,0,1,0
R07,Sha Kok,15740,7382,829,4083,4769,4966,53,1782,966,1193,1849,1074,461,749,321,15540,0,0,1,0
R08,Pok Hong,15817,7143,1100,4033,4649,4921,52.3,2274,867,735,1066,1065,628,869,630,21570,0,0,1,0
R09,Shui Chuen O,19719,9374,1768,5562,5676,2499,39.9,1599,1146,956,2208,1606,876,621,112,16820,0,0,1,0
R10,Jat Chuen,20143,9727,1409,6048,4934,5005,44.6,2307,713,1182,1783,1481,1048,672,474,19950,0,0,1,0
R11,Chun Fung,15011,6771,1058,4209,4092,3889,46.8,2513,828,525,965,786,672,854,998,25980,0,0,1,0
R12,Sun Tin Wai,16628,7841,937,5265,4850,4206,47.9,2872,397,559,1397,1080,794,1011,830,26030,0,0,1,0
R13,Chui Tin,14635,6576,863,4489,4225,3584,47.2,2904,529,440,1116,798,801,762,890,26350,0,0,1,0
R14,Hin Ka,12252,5866,706,4061,3424,2722,45.1,1994,371,305,861,877,698,618,662,27800,0,0,1,0
R15,Lower Shing Mun,18378,8547,2700,4730,6275,2869,44.9,2909,650,997,1814,1108,779,720,627,19340,0,0,1,0
R16,Wan Shing,20005,8582,1704,6603,6006,2344,40.7,7225,695,190,719,368,280,833,2776,55530,0,0,1,0
R17,Keng Hau,18707,8579,1323,5302,5942,4321,48.1,4134,653,459,970,1142,788,928,1378,29140,0,0,1,0
R18,Tin Sum,13952,6602,1202,3852,4071,3915,50.5,1520,416,496,1049,937,715,712,389,23480,0,0,1,0
R19,Chui Ka,17376,7979,1165,4562,4895,5473,51.9,2702,828,990,1914,1033,614,872,717,17640,0,0,1,0
R20,Tai Wai,19924,9017,1319,5075,6611,5364,51.8,2559,955,1189,1977,1682,1015,819,579,19640,0,0,1,0
R21,Chung Tin,15504,7138,1366,4000,5466,3009,48,3543,578,433,804,757,644,901,1264,31300,0,0,1,0
R22,Sui Wo,23765,10771,1873,7291,6842,4353,43.4,5364,1284,896,1870,1437,642,1048,1629,21570,0,0,1,0
R23,Fo Tan,22127,9732,1777,7167,7487,2392,42.2,7804,558,192,818,777,480,1217,3261,54150,0,0,1,0
R24,Chun Ma,14492,6136,2085,3977,4930,2113,43.8,7272,390,166,307,151,181,375,2552,97840,0,0,1,0
R25,Hoi Nam,14343,6196,1097,4959,4632,1106,40.7,5656,321,145,196,343,568,781,2262,57570,0,0,1,0
R26,Chung On,15264,6946,1373,4759,5146,2654,46,4067,317,445,781,545,550,920,1343,36290,0,0,1,0
R27,Kam To,18699,8883,1249,5040,6634,3313,46.7,3814,358,359,678,1160,904,1356,1481,35490,0,0,1,0
R28,Ma On Shan Town Centre,17782,8144,1400,4813,6462,2855,46.8,5793,640,344,501,803,588,1144,2302,43050,0,0,1,0
R29,Wu Kai Sha,23511,10356,1896,8339,7685,1708,40,9619,581,127,353,449,685,1054,4348,69880,0,0,1,0
R30,Lee On,15621,7532,1447,4449,5425,2886,47.6,3371,561,449,820,616,601,967,1080,31190,0,0,1,0
R31,Fu Lung,16243,7774,1134,3853,6457,3580,52.9,3438,605,482,697,779,901,1399,1057,32290,0,0,1,0
R32,Kam Ying,16691,7730,1496,4561,5605,3308,46.4,3991,515,349,578,863,745,1463,1493,39580,0,0,1,0
R33,Yiu On,15994,7772,858,4849,5385,3908,53.1,2143,619,442,1205,894,891,899,703,25830,0,0,1,0
R34,Heng On,18622,8659,872,5389,5104,5574,52.7,2491,651,806,1614,992,922,1085,626,21400,0,0,1,0
R35,Tai Shui Hang,18198,8441,1718,4948,6519,3626,49.6,3047,564,882,1351,1187,934,1172,730,27040,0,0,1,0
R36,On Tai,13192,6122,1066,3233,4762,2710,48.2,3236,363,262,597,596,618,927,1059,35720,0,0,1,0
R37,Yu Yan,18760,8630,1567,5191,6705,2544,44.8,3844,524,305,895,673,738,1384,1661,38550,0,0,1,0
R38,Di Yee,16718,7640,1356,5421,4699,1704,38.7,3667,513,539,1045,982,568,745,1236,27750,0,0,1,0
R39,Bik Woo,16368,7460,1604,4526,5351,2453,43.7,4682,530,415,733,489,474,721,2066,40750,0,0,1,0
R40,Kwong Hong,12231,5776,714,3817,3787,2247,44.5,2252,447,232,342,597,492,950,954,37020,0,0,1,0
R41,Kwong Yuen,11716,5713,429,3613,3459,3250,52.9,1434,440,556,897,730,625,688,314,22500,0,0,1,0
Q01,Sai Kung Central,12173,5789,1109,3508,4585,1911,47.1,2709,446,296,615,713,692,667,1107,30380,0,0,1,0
Q02,Pak Sha Wan,16829,7261,1011,5265,5954,2701,45.8,4615,521,346,694,693,472,504,2240,40020,0,0,1,0
Q03,Sai Kung Islands,13707,6200,918,4372,4703,1889,44,3514,378,251,600,503,598,785,1580,40040,0,0,1,0
Q04,Hang Hau East,16447,7709,1871,5110,5108,1800,40.3,6117,372,209,317,416,619,819,2013,49170,0,0,1,0
Q05,Hang Hau West,20082,9278,2178,6897,5905,1901,40.4,5060,430,134,608,694,1029,1013,2250,43000,0,0,1,0
Q06,Choi Kin,18380,8637,1598,5675,6160,3204,45.7,2538,693,600,978,1120,724,1377,703,27600,0,0,1,0
Q07,Kin Ming,15773,6999,2429,4592,5605,2149,44,2454,547,616,1354,755,797,1182,363,23250,0,0,1,0
Q08,Do Shin,15295,6743,1256,4436,5008,2285,43.6,4877,474,447,809,486,515,727,1976,39040,0,0,1,0
Q09,Wai King,14342,6271,807,4201,5383,1809,45.1,5953,376,222,281,371,329,752,2959,68930,0,0,1,0
Q10,Hoi Chun,23777,10425,1433,10197,6253,1895,38.4,9927,597,262,374,597,724,1367,4585,64170,0,0,1,0
Q11,Po Yee,14765,6582,1632,3659,5161,2398,45.8,2202,471,573,913,970,566,1047,606,25910,0,0,1,0
Q12,Fu Kwan,18938,8300,1765,5338,7242,2235,45,5025,522,267,512,769,792,1320,2126,42590,0,0,1,0
Q13,O Tong,18046,8160,1557,5004,6441,2836,45.6,6019,411,447,620,663,429,1259,2340,47750,0,0,1,0
Q14,Sheung Tak,17063,8284,1450,5939,5337,3257,45.5,1882,444,693,913,886,663,1339,496,27140,0,0,1,0
Q15,Kwong Ming,16585,7945,1339,4267,6112,3628,50.3,2996,521,261,740,932,967,1211,917,33370,0,0,1,0
Q16,Hong King,12545,5758,1161,3697,4503,2083,46.8,3129,457,198,652,526,441,983,1031,37000,0,0,1,0
Q17,Tsui Lam,13588,6644,748,4131,3922,3899,56.2,1615,568,439,1009,898,671,710,473,23850,0,0,1,0
Q18,Po Lam,14084,6568,761,4437,4325,3630,53.6,1512,494,680,1207,883,773,696,416,20810,0,0,1,0
Q19,Yan Ying,18481,8387,1080,5257,6690,3451,48,4469,526,346,929,773,997,1147,1851,35020,0,0,1,0
Q20,Wai Yan,13849,6319,1014,3689,5434,2327,48.4,3462,684,304,680,786,492,1013,1360,34070,0,0,1,0
Q21,Wan Hang,13898,6309,1287,3631,5471,1379,44.6,4797,320,162,351,480,462,875,1962,50870,0,0,1,0
Q22,King Lam,15419,7142,559,4787,4927,4071,53.5,1867,867,1013,1000,724,790,788,670,20040,0,0,1,0
Q23,Hau Tak,17611,8055,1350,4764,5935,4240,51,2516,682,622,968,902,821,1036,751,25210,0,0,1,0
Q24,Fu Nam,16665,7894,1209,4263,6090,3665,49.7,4503,575,326,727,714,605,1148,1654,37280,0,0,1,0
Q25,Tak Ming,17997,8372,1724,4551,6838,3373,49.4,3689,652,394,864,947,794,1321,1253,32740,0,0,1,0
Q26,Nam On,17097,7798,1263,4552,6416,2899,47.9,5103,383,270,704,740,732,1095,1939,40910,0,0,1,0
Q27,Kwan Po,13467,5965,898,4463,4421,1391,42,4961,362,205,365,545,450,824,2024,50020,0,0,1,0
Q28,Wan Po North,18682,8733,1599,6564,5948,1912,41.3,6946,487,65,523,499,573,1267,2961,55170,0,0,1,0
Q29,Wan Po South,33452,14567,2738,13454,9114,3055,38,13905,668,273,496,843,990,2158,5748,61380,0,0,1,0
T01,Lantau,23607,10932,1976,7183,7517,3913,44.4,5326,1352,623,1717,1371,1078,1438,1554,24550,0,0,0,1
T02,Mun Yat,25628,12571,2919,8360,7624,2731,37.2,2612,609,428,2360,1750,1240,823,441,21840,0,0,0,1
T03,Yat Tung Estate North,23933,11232,4075,6583,7604,3205,41.5,3042,1064,489,2012,1456,1286,1133,377,21940,0,0,0,1
T04,Tung Chung South,21091,9734,1433,6258,7146,4016,46.9,5322,758,346,981,1242,775,1469,2003,35150,0,0,0,1
T05,Tung Chung Central,21366,9627,1123,7453,6312,3335,41.8,8273,599,267,665,682,578,1517,3420,54000,0,0,0,1
T06,Tung Chung North,17546,7658,1293,7068,4562,1639,37.5,5077,633,437,1616,1299,557,850,1536,24140,0,0,0,1
T07,Discovery Bay,19336,7787,1326,6065,6573,2142,42.9,8327,544,300,471,575,441,784,4039,75000,0,0,0,1
T08,Peng Chau & Hei Ling Chau,6282,3167,485,2143,2155,1111,45.8,1163,397,211,445,617,315,350,274,22130,0,0,0,1
T09,Lamma & Po Toi,6724,2929,608,2104,2655,754,45.6,2289,443,295,271,221,296,336,1110,38100,0,0,0,1
T10,Cheung Chau,19769,9348,1570,5443,6603,4450,49.9,2274,826,703,1835,1301,813,1229,831,22490,0,0,0,1